{
  "className": "TextButton",
  "properties": {
    "Active": false,
    "AutoButtonColor": false,
    "BackgroundColor3": [0.0705882, 0.0705882, 0.0784314],
    "BackgroundTransparency": 0.2199999988079071,
    "BorderSizePixel": 0,
    "Position": {
      "UDim2": [[1, -20], [1, -20]]
    },
    "Size": {
      "UDim2": [[0, 34], [0, 22]]
    },
    "Text": "♫",
    "TextColor3": [0.901961, 0.901961, 0.909804],
    "TextTransparency": 0.10000000149011612,
    "Transparency": 0.2199999988079071,
    "Visible": false,
    "ZIndex": 1
  }
}
