{
  "className": "TextLabel",
  "properties": {
    "Active": false,
    "BackgroundColor3": [0.639216, 0.635294, 0.647059],
    "BackgroundTransparency": 1,
    "Position": {
      "UDim2": [[[0, 0]], [[-0.3333384096622467, 0]]]
    },
    "Size": {
      "UDim2": [[[0.015235631726682186, 48]], [[1.220531940460205, 0]]]
    },
    "Text": "volume",
    "TextColor3": [1, 1, 1],
    "TextTransparency": 0,
    "Transparency": 1,
    "Visible": true,
    "ZIndex": 21
  }
}
