{
  "className": "ScrollingFrame",
  "properties": {
    "Active": true,
    "BackgroundColor3": [0, 0, 0],
    "BackgroundTransparency": 0.5,
    "BorderSizePixel": 0,
    "Position": {
      "UDim2": [[[0.49923062324523926, 0]], [[0.5752262473106384, 0]]]
    },
    "Size": {
      "UDim2": [[[0.9831328392028809, 0]], [[0.8495471477508545, 0]]]
    },
    "Transparency": 0.5,
    "Visible": true,
    "ZIndex": 1
  }
}
