{
  "className": "Frame",
  "properties": {
    "Active": false,
    "BackgroundColor3": [0, 0, 0],
    "BackgroundTransparency": 0.699999988079071,
    "BorderSizePixel": 0,
    "Position": {
      "UDim2": [[[-0.0117647061124444, 52]], [[0.2401309609413147, 0]]]
    },
    "Size": {
      "UDim2": [[[1, -52]], [[0.3691507875919342, 7]]]
    },
    "Transparency": 0.699999988079071,
    "Visible": true,
    "ZIndex": 22
  }
}
