{
  "className": "Frame",
  "properties": {
    "Active": false,
    "BackgroundColor3": [0.639216, 0.635294, 0.647059],
    "BackgroundTransparency": 1,
    "Position": {
      "UDim2": [[0.5, 0], [0.5001417994499207, 0]]
    },
    "Size": {
      "UDim2": [[0.23970821499824524, 0], [0.5674653053283691, 0]]
    },
    "Transparency": 1,
    "Visible": true,
    "ZIndex": 0
  }
}
