{
  "className": "ImageButton",
  "properties": {
    "Active": true,
    "BackgroundColor3": [
      0.117647,
      0.117647,
      0.117647
    ],
    "BackgroundTransparency": 0.30000001192092896,
    "Image": "rbxassetid://127468172207913",
    "ImageColor3": [
      1,
      1,
      1
    ],
    "ImageTransparency": 0.5,
    "Position": {
      "UDim2": [
        [
          1.0153727531433105,
          -60
        ],
        [
          -0.0012048170901834965,
          10
        ]
      ]
    },
    "Size": {
      "UDim2": [
        [
          0,
          23
        ],
        [
          0,
          22
        ]
      ]
    },
    "Visible": true,
    "ZIndex": 1
  }
}
